{
    "n_samples": 7473,
    "accuracy": 0.9270707881707481,
    "avg_cot_length": 208.2340425531915,
    "sample_latency": 0.07558178126405206
}