{
    "n_samples": 1319,
    "accuracy": 0.7513267626990144,
    "avg_cot_length": 129.63532979529947,
    "sample_latency": 0.09309370631607669
}