{
    "n_samples": 1319,
    "accuracy": 0.7687642153146323,
    "avg_cot_length": 149.46398786959818,
    "sample_latency": 0.10436955991344438
}