{
    "n_samples": 1319,
    "accuracy": 0.7854435178165277,
    "avg_cot_length": 166.80060652009098,
    "sample_latency": 0.11184418445468582
}