{
    "n_samples": 1319,
    "accuracy": 0.7907505686125853,
    "avg_cot_length": 189.44882486732374,
    "sample_latency": 0.12361628833912465
}