{
    "n_samples": 1319,
    "accuracy": 0.8134950720242609,
    "avg_cot_length": 226.3669446550417,
    "sample_latency": 0.14780514397523545
}