{
    "n_samples": 1319,
    "accuracy": 0.799090219863533,
    "avg_cot_length": 200.19105382865808,
    "sample_latency": 0.13154107101764345
}